10.189.1.64;/29;Remote SFO-SITE01-DIALOG-IC  
10.189.1.80;/29;Remote SFO-SITE07-DIALOG-IC (vlan: 133
10.189.1.88;/29;Remote ENDEAVOUR-SITE08-DIALOG-IC  
10.189.1.96;/27;SFO-SITE01-Customer-LAN   
10.189.1.136;/29;Remote SFO-SITE02-DIALOG-IC  
10.189.1.152;/29;Remote ENDEAVOUR-SITE07-DIALOG-IC  
10.189.1.224;/27;ENDEAVOUR-SITE07-Customer-LAN   
10.189.2.0;/27;ENDEAVOUR-SITE08-Customer-LAN   
10.189.2.48;/29;ENDEAVOUR-SITE06-To-Dialog (vlan: 133 -
10.189.2.56;/32;SFO-SITE01-IPSLA   
10.189.2.64;/27;ENDEAVOUR-SITE06-To-Customer   
10.189.2.128;/27;SFO-SITE07-Customer-LAN   
100.64.0.16;/29;SACC-SITE01 Customer LAN 
100.64.0.40;/29;SACC-SITE02 Customer LAN 
100.64.0.48;/29;SACC-SITE03 Customer LAN 
100.64.0.56;/29;SACC-SITE04 Customer LAN 
100.64.0.72;/29;SIND-SITE01 Customer LAN1 (Welfare)
100.64.0.88;/29;SIND-SITE02 Customer LAN1 (Welfare)
100.64.0.96;/29;SIND-SITE01 Customer LAN2 (VIP)
100.64.0.104;/29;SIND-SITE02 Customer LAN2 (VIP)
100.64.0.112;/29;SACC-SITE05 Customer LAN 
100.64.0.120;/29;SIND-SITE03 Customer LAN1 (Welfare)
100.64.0.128;/29;SIND-SITE03 Customer LAN2 (VIP)
100.64.0.136;/29;SIND-SITE04 Customer LAN1 (Welfare)
100.64.0.144;/29;SIND-SITE04 Customer LAN2 (VIP)
100.64.0.160;/29;SIND-SITE05 Customer LAN1 (Welfare)
100.64.0.168;/29;SIND-SITE05 Customer LAN2 (VIP)
100.64.16.0;/24;BHGE-SITE07, LAN  
100.64.17.0;/24;BHGE-SITE08, LAN  
100.64.32.0;/26;BHGE-SITE07, VoIP  
100.64.32.64;/26;BHGE-SITE08, VoIP  
100.66.0.4;/30;SPM-SITE02 data to customer
10.3.0.0;/16;SBM-SITE03 Master subnet 
10.3.0.0;/24;SBM-SITE03 WiFi LAN 
10.3.4.0;/29;SBM-SITE03 WiFi WAN 
10.3.4.8;/29;SBM-SITE03 Media LAN 
10.3.4.16;/29;SBM-SITE03 VoD LAN 
10.3.4.64;/26;SBM-SITE03 Chameleon  
10.3.10.3;/32;SBM-SITE03 recursive DNS 
10.4.0.0;/16;SBM-SITE04 Master subnet 
10.4.0.0;/24;SBM-SITE04 WiFi LAN 
10.4.4.0;/29;SBM-SITE04 WiFi WAN 
10.4.4.8;/29;SBM-SITE04 Media LAN 
10.4.4.16;/29;SBM-SITE04 VoD LAN 
10.4.4.64;/26;SBM-SITE04 Chameleon  
10.4.10.4;/32;SBM-SITE04 recursive DNS 
10.5.0.0;/16;SBM-SITE05 Master subnet 
10.5.0.0;/24;SBM-SITE05 WiFi LAN 
10.5.4.0;/29;SBM-SITE05 WiFi WAN 
10.5.4.8;/29;SBM-SITE05 Media LAN 
10.5.4.16;/29;SBM-SITE05 VoD LAN 
10.5.4.64;/26;SBM-SITE05 Chameleon  
10.5.10.5;/32;SBM-SITE05 recursive DNS 
10.6.0.0;/24;SBM-SITE06 WiFi LAN 
10.6.0.0;/16;SBM-SITE06 Master subnet 
10.6.4.0;/29;SBM-SITE06 WiFi WAN 
10.6.4.8;/29;SBM-SITE06 Media LAN 
10.6.4.16;/29;SBM-SITE06 VoD LAN 
10.6.4.64;/26;SBM-SITE06 Chameleon  
10.6.10.6;/32;SBM-SITE06 recursive DNS 
10.7.0.0;/24;SBM-SITE07 WiFi LAN 
10.7.0.0;/16;SBM-SITE07 Master subnet 
10.7.4.0;/29;SBM-SITE07 WiFi WAN 
10.7.4.8;/29;SBM-SITE07 Media LAN 
10.7.4.16;/29;SBM-SITE07 VoD LAN 
10.7.4.64;/26;SBM-SITE07 Chameleon  
10.7.10.7;/32;SBM-SITE07 recursive DNS 
10.8.0.0;/24;SBM-SITE08 WiFi LAN 
10.8.0.0;/16;SBM-SITE08 Master subnet 
10.8.4.0;/29;SBM-SITE08 WiFi WAN 
10.8.4.8;/29;SBM-SITE08 Media LAN 
10.8.4.16;/29;SBM-SITE08 VoD LAN 
10.8.4.64;/26;SBM-SITE08 Chameleon  
10.8.10.8;/32;SBM-SITE08 recursive DNS 
10.9.0.0;/24;SBM-SITE09 WiFi LAN 
10.9.0.0;/16;SBM-SITE09 Master subnet 
10.9.4.0;/29;SBM-SITE09 WiFi WAN 
10.9.4.8;/29;SBM-SITE09 Media LAN 
10.9.4.16;/29;SBM-SITE09 VoD LAN 
10.9.4.64;/26;SBM-SITE09 Chameleon  
10.9.10.9;/32;SBM-SITE09 recursive DNS 
10.10.0.0;/24;SBM-SITE10 WiFi LAN 
10.10.0.0;/16;SBM-SITE10 Master subnet 
10.10.4.0;/29;SBM-SITE10 WiFi WAN 
10.10.4.8;/29;SBM-SITE10 Media LAN 
10.10.4.16;/29;SBM-SITE10 VoD LAN 
10.10.4.64;/26;SBM-SITE10 Chameleon  
10.10.10.10;/32;SBM-SITE10 recursive DNS 
10.11.0.0;/24;SBM-SITE11 WiFi LAN 
10.11.0.0;/16;SBM-SITE11 Master subnet 
10.11.4.0;/29;SBM-SITE11 WiFi WAN 
10.11.4.8;/29;SBM-SITE11 Media LAN 
10.11.4.16;/29;SBM-SITE11 VoD LAN 
10.11.4.64;/26;SBM-SITE11 Chameleon  
10.11.10.11;/32;SBM-SITE11 recursive DNS 
100.64.0.8;/29;KCA-SITE02 IA-MARLINK LAN 
100.64.0.24;/29;KCA-SITE03 IA-MARLINK LAN 
100.64.0.44;/30;KCA-SITE29 temporary internet on
100.64.0.48;/30;ABRAJ-SITE29 temporary Internet 
100.64.0.52;/30;MBP-SITE08 temporary internet 
100.64.0.60;/30;ABRAJ-SITE03 temporary internet 
100.64.0.64;/30;KCA-SITE38 temporary internet on
100.123.23.144;/28;SLBO-SITE02 CCTV NAT subnet
100.123.23.248;/29;SLBO-SITE01 L2 LL to
100.69.0.0;/30;ABRAJ-SITE27 ABRJ2 LAN (vlan:
192.168.30.0;/27;ABRAJ-SITE06 LAN  
192.168.30.32;/27;ABRAJ-SITE02 LAN  
192.168.30.64;/27;ABRAJ-SITE03 LAN  
192.168.30.96;/27;ABRAJ-SITE04 LAN  
192.168.30.128;/27;ABRAJ-SITE05 LAN  
192.168.30.160;/27;ABRAJ-SITE07 LAN  
192.168.30.192;/27;ABRAJ-SITE08 LAN  
192.168.30.224;/27;ABRAJ-SITE09 LAN  
192.168.32.0;/27;ABRAJ-SITE18 LAN  
192.168.32.32;/27;ABRAJ-SITE19 LAN  
192.168.32.64;/27;ABRAJ-SITE20 LAN  
192.168.32.96;/27;ABRAJ-SITE21 LAN  
192.168.32.128;/27;ABRAJ-SITE22 LAN  
192.168.32.160;/27;ABRAJ-SITE23 LAN  
192.168.32.192;/27;ABRAJ-SITE17 LAN  
192.168.32.224;/27;ABRAJ-SITE25 LAN  
192.168.33.0;/27;ABRAJ-SITE26 LAN  
192.168.33.32;/27;ABRAJ-SITE13-LAN   
192.168.33.64;/27;ABRAJ-SITE10 LAN  
192.168.33.96;/27;ABRAJ-SITE11 LAN  
192.168.33.128;/27;ABRAJ-SITE12 LAN  
192.168.33.160;/27;ABRAJ-SITE14 LAN  
192.168.33.192;/27;ABRAJ-SITE15 LAN  
192.168.33.224;/27;ABRAJ-SITE16 LAN  
192.168.39.0;/27;ABRAJ-SITE24 LAN  
192.168.39.32;/27;ABRAJ-SITE28 LAN  
192.168.39.64;/27;ABRAJ-SITE29 LAN  
192.168.39.96;/27;ABRAJ-SITE30 LAN  
192.168.39.128;/27;ABRAJ-SITE31 LAN  
192.168.40.0;/27;ABRAJ-SITE27 ABRJ2 LAN 
192.168.41.0;/28;ABRAJ-SITE06 CCTV LAN 
192.168.41.16;/28;ABRAJ-SITE02 CCTV LAN 
192.168.41.32;/28;ABRAJ-SITE03 CCTV LAN 
192.168.41.48;/28;ABRAJ-SITE07 CCTV LAN 
192.168.41.64;/28;ABRAJ-SITE08 CCTV LAN 
192.168.41.80;/28;ABRAJ-SITE09 CCTV LAN 
192.168.41.96;/28;ABRAJ-SITE10 CCTV LAN 
192.168.41.112;/28;ABRAJ-SITE11 CCTV LAN 
192.168.41.128;/28;ABRAJ-SITE12 CCTV LAN 
192.168.41.144;/28;ABRAJ-SITE13 CCTV LAN 
192.168.41.160;/28;ABRAJ-SITE14 CCTV LAN 
192.168.41.176;/28;ABRAJ-SITE04 CCTV LAN 
192.168.41.192;/28;ABRAJ-SITE05 CCTV LAN 
192.168.41.208;/28;ABRAJ-SITE15 CCTV LAN 
192.168.41.224;/28;ABRAJ-SITE16 CCTV LAN 
192.168.41.240;/28;ABRAJ-SITE17 CCTV LAN 
192.168.42.0;/28;ABRAJ-SITE18 CCTV LAN 
192.168.42.16;/28;ABRAJ-SITE19 CCTV LAN 
192.168.42.32;/28;ABRAJ-SITE20 CCTV LAN 
192.168.42.48;/28;ABRAJ-SITE21 CCTV LAN 
192.168.42.64;/28;ABRAJ-SITE22 CCTV LAN 
192.168.42.80;/28;ABRAJ-SITE23 CCTV LAN 
192.168.42.96;/28;ABRAJ-SITE25 CCTV LAN 
192.168.42.112;/28;ABRAJ-SITE26 CCTV LAN 
192.168.42.128;/28;ABRAJ-SITE24 CCTV LAN 
192.168.42.160;/27;ABRAJ-SITE28 CCTV LAN 
192.168.42.192;/27;ABRAJ-SITE29 CCTV LAN 
192.168.42.224;/27;ABRAJ-SITE30 CCTV LAN 
192.168.43.0;/27;ABRAJ-SITE31 CCTV LAN 
192.168.254.32;/29;ABRAJ-SITE01 HQ IC Marlink
10.9.9.52;/30;TOTAL-SITE12 : MODEM-CPE Herd
10.9.9.56;/30;TOTAL-SITE13 : MODEM-CPE Port
10.55.30.241;/32;TOTAL-SITE13-ROUTER01 : Port Moresby
10.55.30.243;/32;TOTAL-SITE12-ROUTER01 : Herd Base
172.20.1.0;/27;KCA-SITE30 - CCTV LAN
172.20.1.32;/27;KCA-SITE31 - CCTV LAN
172.20.1.64;/27;KCA-SITE27 - CCTV LAN
172.20.1.96;/27;KCA-SITE29 - CCTV LAN
172.20.1.128;/27;KCA-SITE21 - CCTV LAN
172.20.1.160;/27;KCA-SITE34 - CCTV LAN
172.20.1.192;/27;KCA-SITE32 - CCTV LAN
172.20.1.224;/27;KCA-SITE39 - CCTV LAN
172.20.2.0;/27;KCA-SITE38 - CCTV LAN
172.20.2.32;/27;KCA-SITE37 - CCTV LAN
172.20.2.64;/27;KCA-SITE35 - CCTV LAN
172.20.2.96;/27;KCA-SITE36 - CCTV LAN
172.20.2.128;/27;KCA-SITE28 - CCTV LAN
172.25.2.0;/24;KCA-SITE21 KCADEU LAN 
172.25.3.0;/24;KCA-SITE02 KCADEU LAN 
172.25.4.0;/24;KCA-SITE03 KCADEU LAN 
172.25.5.0;/24;KCA-SITE04 KCADEU LAN 
172.25.6.0;/24;KCA-SITE08 KCADEU LAN 
172.25.8.0;/24;KCA-SITE44 KCADEU LAN (to
172.25.9.0;/24;KCA-SITE45 KCADEU LAN 
172.25.11.0;/24;KCA-SITE22 KCADEU LAN 
172.25.12.0;/23;KCA-SITE44 KCADEU LAN 
172.25.15.0;/24;KCA-SITE06 KCADEU LAN 
172.25.61.0;/24;KCA-SITE40 KCADEU LAN 
172.25.174.0;/24;KCA-SITE50 KCADEU LAN 
172.25.175.0;/24;KCA-SITE42 KCADEU LAN 
172.25.176.0;/24;KCA-SITE19 KCADEU LAN 
172.25.177.0;/24;KCA-SITE20 KCADEU LAN 
172.25.181.0;/24;KCA-SITE26 KCADEU LAN 
172.25.183.0;/24;KCA-SITE07 KCADEU LAN 
172.25.195.0;/24;KCA-SITE24 KCADEU LAN 
172.25.199.0;/24;KCA-SITE10 KCADEU LAN 
172.28.4.0;/23;KCA-SITE45 KCADEU LAN 
172.28.6.0;/23;KCA-SITE17 KCADEU LAN 
172.28.8.0;/23;KCA-SITE16 KCADEU LAN 
172.28.10.0;/23;KCA-SITE12 KCADEU LAN 
172.28.12.0;/23;KCA-SITE11 KCADEU LAN 
172.28.14.0;/23;KCA-SITE13 KCADEU LAN 
172.28.16.0;/23;KCA-SITE14 KCADEU LAN 
172.28.18.0;/23;KCA-SITE15 KCADEU LAN 
172.28.20.0;/23;KCA-SITE18 KCADEU LAN 
172.28.22.0;/23;KCA-SITE25 KCADEU LAN 
172.28.26.0;/23;KCA-SITE38 KCADEU LAN 
172.28.28.0;/23;KCA-SITE39 KCADEU LAN 
172.28.30.0;/23;KCA-SITE34 KCADEU LAN 
172.28.32.0;/23;KCA-SITE37 KCADEU LAN 
172.28.34.0;/23;KCA-SITE32 KCADEU LAN 
172.28.42.0;/23;KCA-SITE27 KCADEU LAN 
172.28.44.0;/23;KCA-SITE35 KCADEU LAN 
172.28.46.0;/23;KCA-SITE36 KCADEU LAN 
172.28.48.0;/23;KCA-SITE28 KCADEU LAN 
172.28.50.0;/23;KCA-SITE29 KCADEU LAN 
172.28.54.0;/23;KCA-SITE30 KCADEU LAN 
172.28.56.0;/23;KCA-SITE31 KCADEU LAN 
172.28.58.0;/23;KCA-SITE33 KCADEU LAN 
172.28.64.0;/23;KCA-SITE43 KCADEU LAN 
172.28.70.0;/23;KCA-SITE01 KCADEU LAN 
172.29.4.0;/23;KCA-SITE52 LAN KCADE 
172.29.8.0;/23;KCA-SITE06 LAN KCADEU 
172.29.10.0;/23;KCA-SITE47 LAN KCADEU 
172.29.16.0;/23;KCA-SITE23 LAN KCADEU 
172.29.254.0;/24;KCA-SITE48 KCADEU LAN 
172.29.255.0;/24;KCA-SITE49 KCADEU LAN 
172.31.0.32;/29;KCADEU, Backbone-Remote IC, KCA-SITE19
172.31.0.40;/29;KCADEU, Backbone-Remote IC, KCA-SITE42
172.31.0.48;/29;KCADEU, Backbone-Remote IC, KCA-SITE20
172.31.0.80;/29;KCA-SITE50 - SCPC HUB
100.64.0.8;/29;SPLANG-SITE121 IA-EPLE Local subnet
100.64.0.24;/29;SPLANG-SITE122 IA-EPLE Local subnet
100.64.0.40;/29;SPLANG-SITE123 IA-EPLE Local subnet
100.64.0.56;/29;SPLANG-SITE124 IA-EPLE Local subnet
100.64.0.72;/29;SPLANG-SITE125 IA-EPLE Local subnet
100.64.0.88;/29;SPLANG-SITE126 IA-EPLE Local subnet
100.64.0.104;/29;SPLANG-SITE127 IA-EPLE Local subnet
100.64.0.120;/29;SPLANG-SITE128 IA-EPLE Local subnet
100.64.0.136;/29;SPLANG-SITE129 IA-EPLE Local subnet
100.64.0.152;/29;SPLANG-SITE130 IA-EPLE Local subnet
100.64.0.168;/29;SPLANG-SITE131 IA-EPLE Local subnet
100.64.0.184;/29;SPLANG-SITE132 IA-EPLE Local subnet
100.64.0.200;/29;SPLANG-SITE133 IA-EPLE Local subnet
100.64.0.216;/29;SPLANG-SITE134 IA-EPLE Local subnet
100.64.0.232;/29;SPLANG-SITE135 IA-EPLE Local subnet
100.64.0.248;/29;SPLANG-SITE136 IA-EPLE Local subnet
100.64.1.8;/29;SPLANG-SITE137 IA-EPLE Local subnet
100.64.1.24;/29;SPLANG-SITE138 IA-EPLE Local subnet
100.64.1.40;/29;SPLANG-SITE139 IA-EPLE Local subnet
100.64.1.56;/29;SPLANG-SITE140 IA-EPLE Local subnet
100.64.1.72;/29;SPLANG-SITE141 IA-EPLE Local subnet
100.64.1.88;/29;SPLANG-SITE142 IA-EPLE Local subnet
100.64.1.104;/29;SPLANG-SITE143 IA-EPLE Local subnet
100.64.1.120;/29;SPLANG-SITE144 IA-EPLE Local subnet
100.64.1.136;/29;SPLANG-SITE145 IA-EPLE Local subnet
100.64.1.152;/29;SPLANG-SITE146 IA-EPLE Local subnet
100.64.1.168;/29;SPLANG-SITE147 IA-EPLE Local subnet
100.64.1.184;/29;SPLANG-SITE148 IA-EPLE Local subnet
100.64.1.200;/29;SPLANG-SITE149 IA-EPLE Local subnet
100.64.1.216;/29;SPLANG-SITE150 IA-EPLE Local subnet
100.64.1.232;/29;SPLANG-SITE151 IA-EPLE Local subnet
100.64.1.248;/29;SPLANG-SITE152 IA-EPLE Local subnet
100.64.2.8;/29;SPLANG-SITE153 IA-EPLE Local subnet
100.64.2.24;/29;SPLANG-SITE154 IA-EPLE Local subnet
100.64.2.40;/29;SPLANG-SITE155 IA-EPLE Local subnet
100.64.2.56;/29;SPLANG-SITE156 IA-EPLE Local subnet
100.64.2.72;/29;SPLANG-SITE157 IA-EPLE Local subnet
100.64.2.88;/29;SPLANG-SITE158 IA-EPLE Local subnet
100.64.2.104;/29;SPLANG-SITE159 IA-EPLE Local subnet
100.64.2.120;/29;SPLANG-SITE160 IA-EPLE Local subnet
100.64.2.136;/29;SPLANG-SITE161 IA-EPLE Local subnet
100.64.2.152;/29;SPLANG-SITE162 IA-EPLE Local subnet
100.64.2.168;/29;SPLANG-SITE163 IA-EPLE Local subnet
100.64.2.184;/29;SPLANG-SITE164 IA-EPLE Local subnet
100.64.2.200;/29;SPLANG-SITE165 IA-EPLE Local subnet
100.64.2.216;/29;SPLANG-SITE166 IA-EPLE Local subnet
10.16.1.0;/28;MBP-SITE02 CCTV LAN 
10.16.1.16;/28;MBP-SITE03 CCTV LAN 
10.16.1.32;/28;MBP-SITE04 CCTV LAN 
10.16.1.48;/28;MBP-SITE05 CCTV LAN 
10.16.1.64;/28;MBP-SITE06 CCTV LAN 
10.16.1.80;/28;MBP-SITE07 CCTV LAN 
10.16.1.96;/28;MBP-SITE08 CCTV LAN 
10.16.1.112;/28;MBP-SITE09 CCTV LAN 
10.17.1.0;/27;MBP-SITE02 Office LAN 
10.17.1.32;/27;MBP-SITE03 Office LAN 
10.17.1.64;/27;MBP-SITE04 Office LAN 
10.17.1.96;/27;MBP-SITE05 Office LAN 
10.17.1.128;/27;MBP-SITE06 Office LAN 
10.17.1.160;/27;MBP-SITE07 Office LAN 
10.17.1.192;/27;MBP-SITE08 Office LAN 
10.17.2.0;/27;MBP-SITE09 Office LAN 
10.50.47.0;/24;CRS-SITE04-LAN2   
10.60.51.0;/24;CRS-SITE08-LAN2   
10.60.58.0;/24;CRS-SITE09-LAN2   
10.100.36.0;/29;PER-SITE03 - LAN IC
10.100.36.8;/29;PER-SITE03 - Real-time LAN
10.100.36.232;/29;PER-SITE03 - LAN IC
10.149.0.0;/16;CRS-SITE09-LAN1   
10.157.0.0;/16;CRS-SITE08-LAN1   
10.201.0.0;/16;CRS-SITE04-LAN1   
10.241.32.112;/29;PER-SITE04 - LAN IC
10.241.32.120;/29;PER-SITE04 - LAN IC
10.241.96.112;/29;PER-SITE05 - LAN IC
10.241.96.120;/29;PER-SITE05 - LAN IC
10.241.104.112;/29;PER-SITE06 - LAN IC
10.241.104.120;/29;PER-SITE06 - LAN IC
100.70.1.0;/24;SLBO-SITE02   
100.70.248.0;/30;SLBO-SITE02 (vlan: 115 -
172.16.181.80;/30;GRE Tunnel: ADDGAB-SITE01 POG
172.16.181.84;/30;GRE Tunnel: ADDGAB-SITE01 POG
172.16.181.88;/30;GRE Tunnel: ADDGAB-SITE01 POG
172.16.181.92;/30;GRE Tunnel: ADDGAB-SITE01 POG
172.17.17.136;/30;CRS-SITE03 - Customer LAN
172.17.17.140;/30;CRS-SITE08-LAN3   
172.31.104.212;/30;CRS-SITE04 - Customer LAN
172.31.111.88;/29;CRS-SITE05 - Customer LAN
192.168.254.224;/29;SOMDIAA-SITE21 Router->Customer  
192.168.254.232;/29;SOMDIAA-SITE20 Routrer->Customer  
192.168.254.240;/29;SOMDIAA-SITE21 DCRouter->PTH2  
192.168.254.248;/29;SOMDIAA-SITE20 DCRouter->PTH2  
10.1.1.0;/29;SFDFA-SITE24, IC to LTH2
10.1.1.8;/29;SFDFA-SITE25, IC to PTH2
77.70.134.0;/29;TEARFUND-SITE01   
77.70.134.8;/29;TEARFUND-SITE02   
77.70.134.16;/29;TEARFUND-SITE03   
77.70.134.24;/29;TEARFUND-SITE04   
77.70.134.32;/29;TEARFUND-SITE05   
77.70.134.40;/29;TEARFUND-SITE06   
77.70.134.48;/29;CAFOD-SITE01   
77.70.134.56;/29;GRR-SITE01   
77.70.134.68;/30;GEOD-SITE01_LAN   
77.70.134.72;/30;ECHO-SITE12   
77.70.134.76;/30;PML-SITE17   
77.70.134.96;/30;FUGRO-SITE01 (child of SBM-SITE01)
77.70.134.100;/30;TAAF-SITE01 (vlan: 11 -
77.70.134.104;/29;HSS-SITE01   
77.70.134.112;/29;ENDEAVOUR-SITE04   
77.70.134.120;/29;ENDEAVOUR-SITE05 (vlan: 310 -
77.70.134.128;/28;SEPOC-SITE01   
77.70.134.144;/29;ENDEAVOUR-SITE02   
77.70.134.152;/30;KCA-SITE52 (vlan: 110 -
77.70.134.160;/29;SARA-SITE01   
77.70.134.168;/29;SARA-SITE02   
77.70.134.176;/29;ENDEAVOUR-SITE07   
77.70.134.184;/29;ENDEAVOUR-SITE08   
77.70.134.192;/29;ENDEAVOUR-SITE06   
77.70.134.200;/29;ECHO-SITE13   
77.70.134.208;/29;ECHO-SITE14   
77.70.134.216;/29;ECHO-SITE15   
77.70.134.224;/29;ECHO-SITE16   
77.70.134.240;/30;KCA-SITE53 (vlan: 110 -
77.70.134.248;/29;DBI-SITE05 - remote routers
77.70.135.0;/28;DBI-SITE05   
77.70.136.128;/29;ETC-SITE032 - customer LAN
77.70.136.136;/29;ETC-SITE036 - customer LAN
77.70.136.144;/29;ETC-SITE037 - customer LAN
77.70.136.152;/29;ETC-SITE039 - customer LAN
77.70.136.160;/29;ETC-SITE040 - customer LAN
77.70.136.168;/29;ETC-SITE330 - customer LAN
77.70.137.0;/29;UNICEF-SITE037 - customer LAN
77.70.137.8;/29;UNICEF-SITE237 - customer LAN
77.70.137.16;/29;UNICEF-SITE167 - customer LAN
77.70.137.24;/29;UNICEF-SITE169 - customer LAN
77.70.137.32;/29;UNICEF-SITE170 - customer LAN
77.70.137.40;/29;UNICEF-SITE170GUEST - customer LAN
77.70.137.56;/29;UNICEF-SITE180 - customer LAN
77.70.137.72;/29;UNICEF-SITE193 - customer LAN
77.70.137.80;/29;UNICEF-SITE250 - customer LAN
77.70.137.88;/29;UNICEF-SITE251 - customer LAN
77.70.137.96;/29;UNICEF-SITE253 - customer LAN
77.70.137.112;/29;UNICEF-SITE325 - customer LAN
77.70.142.0;/29;ACF-SITE001   
77.70.142.8;/29;ACF-SITE002   
77.70.142.16;/29;ACF-SITE003   
77.70.142.24;/29;ACF-SITE004   
77.70.142.32;/29;ACF-SITE005   
77.70.142.72;/29;RAHO-SITE01 (vlan: 310 -
77.70.142.80;/29;RAHO-SITE02 (vlan: 310 -
77.70.142.88;/29;MMP-SITE01   
77.70.142.144;/29;SOCFIN-SITE12   
77.70.142.152;/29;SOCFIN-SITE13   
77.70.142.160;/29;SOCFIN-SITE09   
77.70.142.168;/29;SOCFIN-SITE10   
77.70.142.176;/29;SOCFIN-SITE11   
77.70.142.184;/29;SOCFIN-SITE14   
77.70.142.192;/29;TOTAL-SITE27   
77.70.142.200;/29;NSPA-SITE02   
77.70.142.208;/29;NSPA-SITE03   
77.70.142.216;/29;NSPA-SITE04   
77.70.142.224;/28;OSCE-SITE01   
77.70.142.240;/29;OSCE-SITE03   
77.70.142.248;/29;OSCE-SITE04   
77.70.143.0;/29;OSCE-SITE05   
77.70.143.88;/29;NSPA-SITE06   
77.70.143.128;/29;IOM-SITE06 Customer LAN 
77.70.143.136;/29;IOM-SITE07 Customer LAN 
77.70.143.144;/29;IOM-SITE08 Customer LAN 
77.70.143.152;/29;IOM-SITE09 Customer LAN 
77.70.143.160;/29;IOM-SITE10 Customer LAN -
77.70.143.168;/29;IOM-SITE11 Customer LAN -
77.70.143.176;/29;IOM-SITE12 Customer LAN -
77.70.143.184;/29;IOM-SITE13 Customer LAN -
77.70.143.192;/29;IOM-SITE14 Customer LAN -
77.70.143.200;/29;IOM-SITE15 Customer LAN -
77.70.143.208;/29;IOM-SITE16 Customer LAN -
77.70.143.216;/29;IOM-SITE17 Customer LAN -
77.70.156.0;/27;ILRI-SITE01   
77.70.156.32;/29;OREZONE-SITE01   
77.70.156.40;/29;SOMI-SITE02   
77.70.156.48;/29;ASG-SEC-TEST-SITE01   
77.70.156.56;/29;TFM-SITE02   
77.70.156.64;/30;TAPI-SITE01 (vlan: 710 -
77.70.156.68;/30;TAPI-SITE02 (vlan: 710 -
77.70.156.72;/30;TAPI-SITE03 (vlan: 710 -
77.70.156.76;/30;TAPI-SITE04 (vlan: 710 -
77.70.156.80;/30;TAPI-SITE05 (vlan: 710 -
77.70.156.84;/30;TAPI-SITE06 (vlan: 710 -
77.70.156.88;/30;TAPI-SITE07 (vlan: 710 -
77.70.156.92;/30;TAPI-SITE08 (vlan: 710 -
77.70.156.96;/30;TAPI-SITE09 (vlan: 710 -
77.70.156.100;/30;TAPI-SITE09-VOIP   
77.70.156.104;/29;SOCFIN-SITE03   
77.70.156.112;/29;TFM-SITE01   
77.70.156.120;/29;AIR-SITE01-GAO-MALI-LAN   
77.70.156.128;/29;DRC-SITE01   
77.70.156.136;/29;TFM-SITE03   
77.70.156.144;/30;TAPI-SITE03-VOIP   
77.70.156.148;/30;TAPI-SITE04-VOIP   
77.70.156.152;/30;TAPI-SITE06-VOIP   
77.70.156.156;/30;TAPI-SITE07-VOIP   
77.70.156.160;/29;ROXGOLD-SITE01   
77.70.156.168;/29;ROXGOLD-SITE02   
77.70.156.176;/28;KCC-SITE07   
77.70.156.192;/29;GIANT-SITE06   
77.70.156.200;/29;GIANT-SITE07   
77.70.156.208;/29;GIANT-SITE08   
77.70.156.216;/29;DRC-SITE02   
77.70.156.224;/31;PER-SITE03 NATted Internet data
77.70.156.226;/31;PER-SITE06 NATted Internet data
77.70.156.228;/30;VECT-SITE01 (vlan: 310 -
77.70.156.232;/29;CHAI-SITE10 (vlan: 310 -
77.70.156.240;/29;UNFPA-SITE81   
77.70.156.248;/29;REMINAC-SITE01   
77.70.157.4;/30;SOCFIN-SITE02   
77.70.157.8;/29;DRC-SITE03   
77.70.157.16;/29;DRC-SITE04   
77.70.157.24;/29;SMM-SITE01 (vlan: 110 -
77.70.157.32;/31;PER-SITE04 NATted Internet data
77.70.157.34;/31;PER-SITE05 NATted Internet data
77.70.157.40;/29;PUI-SITE001   
77.70.157.48;/29;PUI-SITE002   
77.70.157.56;/29;PUI-SITE003   
77.70.157.64;/29;PUI-SITE004   
77.70.157.72;/29;IOM-SITE04   
77.70.157.84;/30;SOCFIN-SITE01   
77.70.157.88;/29;GDRC-SITE01   
77.70.157.96;/28;ASTECH-SITE03   
77.70.157.112;/29;HAR-SITE01   
77.70.157.120;/29;HAR-SITE02   
77.70.157.128;/29;MEDCN-SITE01   
77.70.157.136;/29;MEDCN-SITE02   
77.70.157.144;/29;IMC-SITE02   
77.70.157.152;/29;IMC-SITE01   
77.70.157.160;/28;ASTECH-SITE01   
77.70.157.176;/29;TEARFUND-SITE07   
77.70.157.192;/29;IOM-SITE02   
77.70.157.200;/29;KCA-SITE54   
77.70.157.208;/29;OXFAM-SITE01   
77.70.157.216;/29;GIANT-SITE01   
77.70.157.224;/29;GIANT-SITE04   
77.70.157.232;/29;GIANT-SITE05   
77.70.157.240;/29;IOM-SITE03   
77.70.157.248;/29;IOM-SITE05   
77.70.158.0;/29;WHH-SITE19   
77.70.158.8;/29;DRC-SITE01 -test assignment T-288952
77.70.158.16;/29;SIN-SITE001   
77.70.158.24;/29;SIN-SITE002   
77.70.158.32;/29;SIN-SITE003   
77.70.158.40;/29;SOCFIN-SITE04   
77.70.158.48;/29;SOCFIN-SITE05   
77.70.158.56;/29;SOCFIN-SITE06   
77.70.158.64;/29;WHH-SITE18   
77.70.158.72;/29;SOCFIN-SITE07   
77.70.158.80;/29;WHH-SITE20   
77.70.158.88;/29;WHH-SITE21   
77.70.158.96;/29;UNICEF-SITE03   
77.70.158.104;/29;SOCFIN-SITE08   
77.70.158.112;/29;PRNG-SITE01   
77.70.158.120;/29;WHH-SITE01 (vlan: 1210 -
77.70.158.128;/29;WHH-SITE02 (vlan: 1210 -
77.70.158.136;/29;WHH-SITE03 (vlan: 1210 -
77.70.158.144;/29;WHH-SITE04 (vlan: 1210 -
77.70.158.152;/29;WHH-SITE05 (vlan: 1210 -
77.70.158.160;/29;WHH-SITE06 (vlan: 1210 -
77.70.158.168;/29;WHH-SITE07 (vlan: 1210 -
77.70.158.176;/29;WHH-SITE08 (vlan: 1210 -
77.70.158.184;/29;WHH-SITE09 (vlan: 1210 -
77.70.158.192;/29;WHH-SITE10 (vlan: 1210 -
77.70.158.200;/29;WHH-SITE11 (vlan: 1210 -
77.70.158.208;/29;WHH-SITE12 (vlan: 1210 -
77.70.158.216;/29;WHH-SITE14 (vlan: 1210 -
77.70.158.224;/29;WHH-SITE15 (vlan: 1210 -
77.70.158.232;/29;WHH-SITE13 (vlan: 1210 -
77.70.158.240;/29;WHH-SITE16 (vlan: 1210 -
77.70.160.0;/30;MUMI-SITE01 LAN - via
77.70.160.12;/30;MUMI-SITE01 LAN - via
77.70.161.0;/27;MUMI-SITE01   
77.70.161.32;/29;MUMI-SITE02   
77.70.161.40;/29;GIANT-SITE02   
77.70.161.48;/29;BHGE-SITE10   
77.70.161.72;/29;MUMI-SITE03   
77.70.161.80;/30;SML-SITE01   
77.70.161.92;/30;SML-SITE01   
77.70.161.128;/28;PML-SITE01   
77.70.161.160;/28;PML-SITE04   
77.70.161.178;/32;INTSHP-SITE04 Qnap  
77.70.161.192;/29;PML-SITE01   
77.70.161.200;/29;PML-SITE02   
77.70.161.208;/29;PML-SITE04   
77.70.161.216;/29;PML-SITE17   
77.70.162.64;/30;EVENT-SITE01   
77.70.162.68;/30;EVENT-SITE02   
77.70.162.68;/30;EVENT-SITE02   
77.70.162.72;/30;EVENT-SITE03   
77.70.162.72;/30;EVENT-SITE03   
77.70.162.96;/30;DAKAR-SITE01   
77.70.162.96;/30;DAKAR-SITE01   
77.70.162.100;/30;DAKAR-SITE02   
77.70.162.100;/30;DAKAR-SITE02   
77.70.162.104;/30;DAKAR-SITE03   
77.70.162.104;/30;DAKAR-SITE03   
77.70.162.108;/30;DAKAR-SITE04   
77.70.162.108;/30;DAKAR-SITE04   
77.70.162.112;/30;DAKAR-SITE05   
77.70.162.112;/30;DAKAR-SITE05   
77.70.164.0;/29;BANRO-SITE01 (vlan: 110 -
77.70.164.8;/29;BANRO-SITE02 (vlan: 110 -
77.70.164.24;/29;PWM-SITE01 CustomerLAN  
77.70.164.32;/29;BANRO-SITE03 (vlan: 110 -
77.70.168.0;/29;IRC-SITE01   
77.70.168.8;/29;IRC-SITE02   
77.70.168.16;/29;IRC-SITE03   
77.70.168.24;/29;IRC-SITE04 - site disconnected
77.70.168.32;/29;IRC-SITE05 - site disconnected
77.70.168.40;/29;IRC-SITE06   
77.70.168.56;/29;IRC-SITE08   
77.70.168.64;/29;IRC-SITE09   
77.70.168.72;/29;IRC-SITE10   
77.70.168.80;/29;IRC-SITE11   
77.70.168.120;/29;IRC-SITE16   
77.70.168.128;/29;IRC-SITE17   
77.70.168.136;/29;IRC-SITE18   
77.70.168.144;/29;IRC-SITE19   
77.70.168.152;/29;IRC-SITE20   
77.70.168.160;/29;IRC-SITE21   
77.70.168.168;/29;IRC-SITE22   
77.70.168.176;/29;IRC-SITE23   
77.70.168.184;/29;Reserved for IRC-SITE24 
77.70.168.192;/29;IRC-SITE25   
77.70.168.200;/29;IRC-SITE26   
77.70.168.208;/29;IRC-SITE27   
77.70.168.216;/29;IRC-SITE28   
77.70.168.224;/29;IRC-SITE29   
77.70.168.232;/29;IRC-SITE30   
77.70.168.240;/29;IRC-SITE31   
77.70.168.248;/29;IRC-SITE32   
77.70.169.0;/29;IRC-SITE33   
77.70.169.8;/29;IRC-SITE34   
77.70.169.16;/29;IRC-SITE39   
77.70.169.24;/29;IRC-SITE36   
77.70.169.32;/29;IRC-SITE37 - site disconnected
77.70.169.56;/29;IRC-SITE40   
77.70.169.64;/29;IRC-SITE41   
77.70.169.72;/29;IRC-SITE42   
77.70.169.80;/29;IRC-SITE43   
77.70.169.88;/29;IRC-SITE44   
77.70.169.96;/29;IRC-SITE45   
77.70.169.104;/29;IRC-SITE46   
77.70.169.112;/29;IRC-SITE47   
77.70.169.120;/29;IRC-SITE48   
77.70.169.128;/29;IRC-SITE49   
77.70.169.136;/29;IRC-SITE50   
77.70.169.144;/30;IRC-SITE11 temporary internet on
77.70.176.32;/29;CST-SITE01   
77.70.176.40;/29;WBG-SITE56   
77.70.176.56;/29;FAO-SITE026 (vlan: 110 -
77.70.176.88;/29;EMSA-SITE01   
77.70.176.104;/29;UNICEF-SITE01   
77.70.176.112;/29;UNICEF-SITE02   
77.70.176.128;/29;NXG-SITE01   
77.70.176.136;/29;NXG-SITE02   
77.70.176.144;/29;NXG-SITE03   
77.70.176.152;/29;NXG-SITE04   
77.70.176.160;/29;NXG-SITE05   
77.70.176.168;/29;NXG-SITE06   
77.70.176.176;/29;UAC-SITE01   
77.70.176.184;/32;SBM-SITE03 - Manassas (NTH2)
77.70.176.185;/32;SBM-SITE04 - Manassas (NTH2)
77.70.176.186;/32;SBM-SITE05 - Manassas (NTH2)
77.70.176.187;/32;SBM-SITE06 - Manassas (NTH2)
77.70.176.188;/32;SBM-SITE07 - Manassas (NTH2)
77.70.176.189;/32;SBM-SITE08 - Manassas (NTH2)
77.70.176.190;/32;SBM-SITE09 - Manassas (NTH2)
77.70.176.191;/32;SBM-SITE10 - Manassas (NTH2)
77.70.176.212;/30;BHGE-SITE02, IP NAT overload
77.70.176.216;/29;FAO-SITE011 (vlan: 110 -
77.70.176.224;/29;FAO-SITE020 (vlan: 110 -
77.70.176.232;/29;UNICEF-SITE050 (vlan: 131 -
77.70.176.240;/29;UNICEF-SITE051 (vlan: 131 -
77.70.176.248;/29;FAO-SITE009 (vlan: 110 -
77.70.177.0;/29;WFP-SITE015 (vlan: 136 -
77.70.177.8;/29;WFP-SITE060 (vlan: 136 -
77.70.177.16;/29;WFP-SITE084 (vlan: 136 -
77.70.177.24;/29;WFP-SITE089 (vlan: 136 -
77.70.177.32;/29;WFP-SITE091 (vlan: 136 -
77.70.177.40;/29;WFP-SITE112 (vlan: 136 -
77.70.177.48;/29;WFP-SITE121 (vlan: 136 -
77.70.177.56;/29;WFP-SITE122 (vlan: 136 -
77.70.177.64;/29;WFP-SITE123 (vlan: 136 -
77.70.177.72;/29;WFP-SITE124 (vlan: 136 -
77.70.177.80;/29;WFP-SITE125 (vlan: 136 -
77.70.177.88;/29;WFP-SITE126 (vlan: 136 -
77.70.177.96;/29;WFP-SITE190 (vlan: 136 -
77.70.177.104;/29;WFP-SITE225 (vlan: 136 -
77.70.177.112;/29;WFP-SITE145 - customer LAN
77.70.177.120;/29;WFP-SITE226 - customer LAN
77.70.177.128;/29;WFP-SITE313 - customer LAN
77.70.180.8;/30;INTERSHIP-HUB-IC-SITE00   
77.70.180.24;/30;INTSHP-SITE04 HUB-IC-SITE04  
77.70.180.32;/28;INTSHP-SITE00   
77.70.180.80;/28;INTSHP-SITE04   
77.70.180.132;/30;INTSHP-SITE04-CREW   
77.70.180.136;/30;INTSHP-SITE04-CUSTOMER   
77.70.180.140;/30;INTSHP-SITE04 Router-FTG  
77.70.181.0;/30;CST-SITE01: Newtec modem -
77.70.181.0;/30;CST-SITE01: Newtec modem -
77.70.181.8;/30;EMSA-SITE01: Newtec modem -
77.70.182.168;/30;ECHO-SITE02   
77.70.182.172;/30;ECHO-SITE03   
77.70.182.176;/30;ECHO-SITE04   
77.70.182.180;/30;ECHO-SITE05   
77.70.182.184;/30;reserved for ECHO-SITE06 
77.70.182.188;/30;ECHO-SITE07   
77.70.182.192;/30;ECHO-SITE08   
77.70.182.196;/30;ECHO-SITE09   
77.70.182.204;/30;ECHO-SITE11   
77.70.184.0;/28;DBI-SITE01   
77.70.184.16;/28;DBI-SITE02   
77.70.184.32;/28;DBI-SITE03   
77.70.184.48;/28;DBI-SITE04   
77.70.184.64;/29;DBI-SITE01 - remote routers
77.70.184.72;/29;DBI-SITE02 - remote routers
77.70.184.80;/29;DBI-SITE03 - remote routers
77.70.184.88;/29;DBI-SITE04 - remote routers
77.70.184.96;/32;SBM-SITE11 - Manassas (NTH2)
77.70.184.97;/32;SBM-SITE03 - Manassas (NTH2)
77.70.184.98;/32;SBM-SITE04 - Manassas (NTH2)
77.70.184.99;/32;SBM-SITE05 - Manassas (NTH2)
77.70.184.100;/32;SBM-SITE06 - Manassas (NTH2)
77.70.184.101;/32;SBM-SITE07 - Manassas (NTH2)
77.70.184.102;/32;SBM-SITE08 - Manassas (NTH2)
77.70.184.103;/32;SBM-SITE09 - Manassas (NTH2)
77.70.184.104;/32;SBM-SITE10 - Manassas (NTH2)
77.70.184.112;/29;TOTAL-SITE12 : CPE LAN
77.70.184.120;/29;PAHO-SITE01   
77.70.197.0;/30;VERG-SITE01 (vlan: 1230 -
77.70.197.72;/30;UNICEF-SITE100 VoIP subnet TEMP
77.70.197.76;/30;UNICEF-SITE101 VoIP subnet TEMP
77.70.197.84;/30;SLBO-SITE02 B2B  
77.70.197.88;/29;SBM-SITE11 - temporary EoM
77.70.197.96;/29;TERANGA-SITE01   
77.70.197.104;/30;KCA-SITE44   
77.70.197.108;/30;KCA-SITE45   
77.70.197.128;/30;BHGE-SITE02, NATed IP pool
77.70.197.132;/30;KCA-SITE47 (vlan: 214 -
77.70.197.136;/30;KCA-SITE22   
77.70.197.140;/30;UNICEF-SITE102 VoIP subnet TEMP
77.70.197.144;/30;BHGE-SITE02, NATed IP pool
77.70.197.148;/30;TTLM-SITE01 - Dialog -
77.70.197.152;/29;TTLM-SITE01 - Dialog -
77.70.197.168;/29;UNICEF-SITE100 - customer LAN
77.70.197.176;/29;UNICEF-SITE101 - customer LAN
77.70.197.184;/29;UNICEF-SITE102 - customer LAN
77.70.197.192;/29;UNICEF-SITE103 - customer LAN
77.70.197.200;/29;UNICEF-SITE104 - customer LAN
77.70.197.208;/30;UNICEF-SITE103 VoIP subnet TEMP
77.70.197.212;/30;UNICEF-SITE104 VoIP subnet TEMP
77.70.200.0;/29;GERW-SITE02 - Tilia camp
77.70.201.12;/30;CRS-SITE02 - Customer LAN
77.70.201.16;/30;CRS-SITE06 - Customer LAN
77.70.201.20;/30;CRS-SITE07 - Customer LAN
77.70.201.24;/30;CRS-SITE01-Customer LAN  
77.70.201.28;/30;CRS-SITE09 - Customer LAN
77.70.201.32;/30;CRS-SITE10 - Customer LAN
77.70.201.36;/30;CRS-SITE11 - Customer LAN
77.70.201.40;/30;CRS-SITE12 - Customer LAN
77.70.201.44;/30;CRS-SITE13 - Customer LAN
77.70.201.48;/30;CRS-SITE14 - Customer LAN
77.70.201.52;/30;CRS-SITE15 - Customer LAN
77.70.201.56;/30;CRS-SITE16 - Customer LAN
77.70.201.60;/30;CRS-SITE17 - Customer LAN
77.70.201.64;/30;CRS-SITE18 - Customer LAN
77.70.201.68;/30;CRS-SITE19 - Customer LAN
77.70.201.72;/30;CRS-SITE20 - Customer LAN
77.70.201.76;/30;CRS-SITE21 - Customer LAN
77.70.201.80;/30;CRS-SITE22 - Customer LAN
77.70.201.84;/30;CRS-SITE23 - Customer LAN
77.70.201.88;/30;CRS-SITE24 - Customer LAN
77.70.201.92;/30;CRS-SITE25 - Customer LAN
77.70.201.96;/30;CRS-SITE26 - Customer LAN
77.70.201.100;/30;CRS-SITE27 - Customer LAN
77.70.201.104;/32;CRS-SITE08-NAT   
77.70.201.105;/32;CRS-SITE08-IPSEC   
77.70.201.106;/32;CRS-SITE09-NAT   
77.70.201.107;/32;CRS-SITE09-IPSEC   
193.219.228.0;/29;VoIP - UNDP-SITE100 (UNIA)
193.219.228.8;/29;VoIP - UNDP-SITE77 (UNIA)
193.219.228.16;/29;VoIP - UNDP-SITE85 (UNIA)
193.219.228.24;/29;VoIP - UNDP-SITE132 (UNIA)
193.219.228.32;/29;VoIP - UNDP-SITE87 (UNIA)
193.219.228.40;/29;VoIP - UNDP-SITE104 (UNIA)
193.219.228.48;/29;VoIP - UNDP-SITE98 (UNIA)
193.219.228.56;/29;VoIP - UNDP-SITE53 (UNIA)
193.219.228.64;/29;VoIP - UNDP-SITE105 (UNIA)
193.219.228.72;/29;VoIP - UNDP-SITE58 (UNIA)
193.219.228.80;/29;VoIP - UNDP-SITE76 (UNIA)
193.219.228.88;/29;VoIP - UNDP-SITE78 (UNIA)
193.219.228.96;/29;VoIP - UNDP-SITE90 (UNIA)
193.219.228.104;/29;VoIP - UNDP-SITE129 (UNIA)
193.219.228.112;/29;VoIP - UNDP-SITE59 (UNIA)
193.219.228.120;/29;VoIP - UNDP-SITE84 (UNIA)
193.219.228.128;/29;VoIP - UNDP-SITE127 (UNIA)
193.219.228.136;/29;VoIP - UNDP-SITE136 (UNIA)
193.219.228.144;/29;VoIP - UNDP-SITE60 (UNIA)
193.219.228.152;/29;VoIP - UNDP-SITE111 (UNIA)
193.219.228.160;/29;VoIP - UNDP-SITE109 (UNIA)
193.219.228.168;/29;VoIP - UNDP-SITE63 (UNIA)
193.219.228.184;/29;VoIP - UNDP-SITE67 (UNIA)
193.219.228.192;/29;VoIP - UNDP-SITE70 (UNIA)
193.219.228.208;/29;VoIP - UNDP-SITE72 (UNIA)
193.219.228.216;/29;VoIP - UNDP-SITE80 (UNIA)
193.219.228.224;/29;VoIP - UNDP-SITE83 (UNIA)
193.219.228.232;/29;VoIP - UNDP-SITE14 (UNIA)
193.219.228.240;/29;VoIP - UNDP-SITE108 (UNIA)
193.219.228.248;/29;VoIP - UNDP-SITE74 (UNIA)
193.219.229.8;/29;VoIP - UNDP-SITE92 (UNIA)
193.219.229.16;/29;VoIP - UNDP-SITE66 (UNIA)
193.219.229.32;/29;VoIP - UNDP-SITE114 (UNIA)
193.219.229.40;/29;VoIP - UNDP-SITE115 (UNIA)
193.219.229.48;/29;VoIP - UNDP-SITE116 (UNIA)
193.219.229.56;/29;VoIP - UNDP-SITE117 (UNIA)
193.219.229.64;/29;VoIP - UNDP-SITE118 (UNIA)
193.219.229.72;/29;VoIP - UNDP-SITE113 (UNIA)
193.219.229.80;/29;VoIP - UNDP-SITE18 (UNIA)
193.219.229.88;/29;VoIP - UNDP-SITE123 (UNIA)
193.219.229.120;/29;VoIP - UNDSS-SITE01 (UNIA)
193.219.229.168;/29;VoIP - UNDP-SITE56 (UNIA)
193.219.229.184;/29;VoIP - UNDP-SITE110 (UNIA)
193.219.229.192;/29;VoIP - UNDP-SITE13 (UNIA)
193.219.230.0;/29;VoIP - UNDP-SITE101 (UNIA)
193.219.230.8;/29;VoIP - UNDP-SITE120 (UNIA)
193.219.230.16;/29;VoIP - UNDP-SITE65 (UNIA)
193.219.230.24;/29;VoIP - UNIA-SITE00 (UNIA)
193.219.230.32;/29;VoIP - UNDP-SITE119 (UNIA)
193.219.230.40;/29;VoIP - UNDP-SITE121 (UNIA)
193.219.230.48;/29;VoIP - UNDP-SITE75 (UNIA)
193.219.230.64;/29;VoIP - UNDP-SITE82 (UNIA)
193.219.230.80;/29;VoIP - UNDP-SITE122 (UNIA)
193.219.230.104;/29;VoIP - UNDP-SITE73 (UNIA)
193.219.241.168;/29;AAM-SITE04 (vlan: 312 -
193.219.241.176;/29;AAM-SITE01 (vlan: 312 -
193.219.241.184;/29;AAM-SITE05 (vlan: 312 -
193.220.17.128;/25;DAHAB-SITE01 (vlan: 472 -
193.220.38.224;/29;OHCHR-SITE01   
193.220.38.248;/32;ECHO-SITE01   
193.220.52.0;/29;UNICEF-SITE005 - customer LAN
193.220.52.8;/29;UNICEF-SITE006 - customer LAN
193.220.52.16;/29;UNICEF-SITE007 - customer LAN
193.220.52.24;/29;UNICEF-SITE008 - customer LAN
193.220.52.32;/29;UNICEF-SITE009 - customer LAN
193.220.52.40;/29;UNICEF-SITE011 - customer LAN
193.220.52.48;/29;UNICEF-SITE012 - customer LAN
193.220.52.56;/29;UNICEF-SITE013 - customer LAN
193.220.52.64;/29;UNICEF-SITE014 - customer LAN
193.220.52.72;/29;UNICEF-SITE015 - customer LAN
193.220.52.80;/29;UNICEF-SITE017 - customer LAN
193.220.52.88;/29;UNICEF-SITE018 - customer LAN
193.220.52.96;/29;UNICEF-SITE019 - customer LAN
193.220.52.104;/29;UNICEF-SITE020 - customer LAN
193.220.52.112;/29;UNICEF-SITE021 - customer LAN
193.220.52.120;/29;UNICEF-SITE022 - customer LAN
193.220.52.128;/29;UNICEF-SITE023 - customer LAN
193.220.52.136;/29;UNICEF-SITE024 - customer LAN
193.220.52.144;/29;UNICEF-SITE025 - customer LAN
193.220.52.152;/29;UNICEF-SITE037 - new customer
193.220.52.160;/29;UNICEF-SITE038 - customer LAN
193.220.52.168;/29;UNICEF-SITE039 - customer LAN
193.220.52.176;/29;UNICEF-SITE160 - customer LAN
193.220.52.184;/29;UNICEF-SITE045 - customer LAN
193.220.52.192;/29;UNICEF-SITE046 - customer LAN
193.220.52.200;/29;UNICEF-SITE047 - customer LAN
193.220.52.208;/29;UNICEF-SITE048 - customer LAN
193.220.52.216;/29;UNICEF-SITE049 - customer LAN
193.220.52.232;/29;UNICEF-SITE052 - customer LAN
193.220.52.240;/29;UNICEF-SITE053 - customer LAN
193.220.52.248;/29;UNICEF-SITE054 - customer LAN
193.220.53.0;/29;UNICEF-SITE055 - customer LAN
193.220.53.8;/29;UNICEF-SITE056 - customer LAN
193.220.53.16;/29;UNICEF-SITE057 - customer LAN
193.220.53.24;/29;UNICEF-SITE058 - customer LAN
193.220.53.32;/29;UNICEF-SITE059 - customer LAN
193.220.53.40;/29;UNICEF-SITE060 - customer LAN
193.220.53.48;/29;UNICEF-SITE061 - customer LAN
193.220.53.56;/29;UNICEF-SITE062 - customer LAN
193.220.53.64;/29;UNICEF-SITE063 - customer LAN
193.220.53.72;/29;UNICEF-SITE064 - customer LAN
193.220.53.80;/29;UNICEF-SITE065 - customer LAN
193.220.53.88;/29;UNICEF-SITE066 - customer LAN
193.220.53.96;/29;UNICEF-SITE067 - customer LAN
193.220.53.104;/29;UNICEF-SITE068 - customer LAN
193.220.53.112;/29;UNICEF-SITE069 - customer LAN
193.220.53.120;/29;UNICEF-SITE070 - customer LAN
193.220.53.128;/29;UNICEF-SITE071 - customer LAN
193.220.53.136;/29;UNICEF-SITE072 - customer LAN
193.220.53.144;/29;UNICEF-SITE073 - customer LAN
193.220.53.152;/29;UNICEF-SITE074 - customer LAN
193.220.53.160;/29;UNICEF-SITE075 - customer LAN
193.220.53.168;/29;UNICEF-SITE076 - customer LAN
193.220.53.176;/29;UNICEF-SITE077 - customer LAN
193.220.53.184;/29;UNICEF-SITE078 - customer LAN
193.220.53.192;/29;UNICEF-SITE079 - customer LAN
193.220.53.200;/29;UNICEF-SITE080 - customer LAN
193.220.53.208;/29;UNICEF-SITE081 - customer LAN
193.220.53.216;/29;UNICEF-SITE082 - customer LAN
193.220.53.224;/29;UNICEF-SITE084 - customer LAN
193.220.53.232;/29;UNICEF-SITE085 - customer LAN
193.220.53.240;/29;UNICEF-SITE086 - customer LAN
193.220.53.248;/29;UNICEF-SITE087 - customer LAN
193.220.54.0;/29;UNICEF-SITE088 - customer LAN
193.220.54.8;/29;UNICEF-SITE089 - customer LAN
193.220.54.16;/29;UNICEF-SITE090 - customer LAN
193.220.54.24;/29;UNICEF-SITE091 - customer LAN
193.220.54.32;/29;UNICEF-SITE092 - customer LAN
193.220.54.40;/29;UNICEF-SITE093 - customer LAN
193.220.54.48;/29;UNICEF-SITE094 - customer LAN
193.220.54.56;/29;UNICEF-SITE095 - customer LAN
193.220.54.64;/29;UNICEF-SITE096 - customer LAN
193.220.54.72;/29;UNICEF-SITE097 - customer LAN
193.220.54.80;/29;UNICEF-SITE098 - customer LAN
193.220.54.88;/29;UNICEF-SITE099 - customer LAN
193.220.54.96;/29;UNICEF-SITE105 - customer LAN
193.220.54.104;/29;UNICEF-SITE106 - customer LAN
193.220.54.112;/29;UNICEF-SITE107 - customer LAN
193.220.54.120;/29;UNICEF-SITE108 - customer LAN
193.220.54.128;/29;UNICEF-SITE109 - customer LAN
193.220.54.136;/29;UNICEF-SITE110 - customer LAN
193.220.54.144;/29;UNICEF-SITE111 - customer LAN
193.220.54.152;/29;UNICEF-SITE112 - customer LAN
193.220.54.160;/29;UNICEF-SITE113 - customer LAN
193.220.54.168;/29;UNICEF-SITE114 - customer LAN
193.220.54.176;/29;UNICEF-SITE115 - customer LAN
193.220.54.184;/29;UNICEF-SITE116 - customer LAN
193.220.54.192;/29;UNICEF-SITE117 - customer LAN
193.220.54.200;/29;UNICEF-SITE118 - customer LAN
193.220.54.208;/29;UNICEF-SITE119 - customer LAN
193.220.54.216;/29;UNICEF-SITE120 - customer LAN
193.220.54.224;/29;UNICEF-SITE121 - customer LAN
193.220.54.232;/29;UNICEF-SITE122 - customer LAN
193.220.54.240;/29;UNICEF-SITE123 - customer LAN
193.220.54.248;/29;UNICEF-SITE124 - customer LAN
193.220.55.0;/29;UNICEF-SITE125 - customer LAN
193.220.55.8;/29;UNICEF-SITE126 - customer LAN
193.220.55.16;/29;UNICEF-SITE127 - customer LAN
193.220.55.24;/29;UNICEF-SITE128 - customer LAN
193.220.55.32;/29;UNICEF-SITE129 - customer LAN
193.220.55.40;/29;UNICEF-SITE130 - customer LAN
193.220.55.48;/29;UNICEF-SITE131 - customer LAN
193.220.55.56;/29;UNICEF-SITE132 - customer LAN
193.220.55.64;/29;UNICEF-SITE133 - customer LAN
193.220.55.72;/29;UNICEF-SITE134 - customer LAN
193.220.55.80;/29;UNICEF-SITE135 - customer LAN
193.220.55.88;/29;UNICEF-SITE136 - customer LAN
193.220.55.96;/29;UNICEF-SITE137 - customer LAN
193.220.55.104;/29;UNICEF-SITE138 - customer LAN
193.220.55.112;/29;UNICEF-SITE139 - customer LAN
193.220.55.120;/29;UNICEF-SITE140 - customer LAN
193.220.55.128;/29;UNICEF-SITE141 - customer LAN
193.220.55.136;/29;UNICEF-SITE142 - customer LAN
193.220.55.144;/29;UNICEF-SITE143 - customer LAN
193.220.55.152;/29;UNICEF-SITE144 - customer LAN
193.220.55.160;/29;UNICEF-SITE145 - customer LAN
193.220.55.168;/29;UNICEF-SITE146 - customer LAN
193.220.55.176;/29;UNICEF-SITE147 - customer LAN
193.220.55.184;/29;UNICEF-SITE148 - customer LAN
193.220.55.192;/29;UNICEF-SITE149 - customer LAN
193.220.55.200;/29;UNICEF-SITE150 - customer LAN
193.220.55.208;/29;UNICEF-SITE151 - customer LAN
193.220.55.216;/29;UNICEF-SITE152 - customer LAN
193.220.55.224;/29;UNICEF-SITE153 - customer LAN
193.220.55.232;/29;UNICEF-SITE154 - customer LAN
193.220.55.240;/29;UNICEF-SITE155 - customer LAN
193.220.55.248;/29;UNICEF-SITE167 - new customer
193.220.56.0;/29;UNICEF-SITE169 - new customer
193.220.56.8;/29;UNICEF-SITE170 - new customer
193.220.56.16;/29;UNICEF-SITE180 - new customer
193.220.56.24;/29;UNICEF-SITE191 - customer LAN
193.220.56.32;/29;UNICEF-SITE193 - new customer
193.220.56.40;/29;UNICEF-SITE237 - new customer
193.220.56.48;/29;UNICEF-SITE250 - new customer
193.220.56.56;/29;UNICEF-SITE251 - new customer
193.220.56.64;/29;UNICEF-SITE253 - new customer
193.220.56.72;/29;UNICEF-SITE302 - customer LAN
193.220.56.80;/29;UNICEF-SITE325 - new customer
193.220.56.88;/29;UNICEF-SITE004 - customer LAN
193.220.56.96;/29;UNICEF-SITE044 - customer LAN
193.220.56.104;/29;UNICEF-SITE156 - customer LAN
193.220.56.112;/29;UNICEF-SITE157 - customer LAN
193.220.56.120;/29;UNICEF-SITE158 - customer LAN
193.220.56.128;/29;UNICEF-SITE159 - customer LAN
193.220.56.136;/29;UNICEF-SITE010 - customer LAN
193.220.56.144;/29;UNICEF-SITE016 - customer LAN
193.220.56.152;/29;UNICEF-SITE083 - customer LAN
193.220.56.160;/29;UNICEF-SITE100 - customer LAN
193.220.56.168;/29;UNICEF-SITE101 - customer LAN
193.220.56.176;/29;UNICEF-SITE102 - customer LAN
193.220.56.184;/29;UNICEF-SITE103 - customer LAN
193.220.56.192;/29;UNICEF-SITE104 - customer LAN
193.220.57.32;/29;SPACE-SITE01 NAT  
193.220.57.40;/29;SPACE-SITE01 VOIP  
193.220.80.0;/27;UNDP-SITE65 (UNIA)  
193.220.80.32;/27;UNDP-SITE120 (UNIA)  
193.220.80.64;/27;UNDP-SITE75 (UNIA)  
193.220.80.96;/28;UNDP-SITE02 test  
193.220.80.112;/28;UNDP-SITE129   
193.220.80.128;/27;UNDP-SITE82 (UNIA)  
193.220.80.160;/27;UNDP-SITE127 (UNIA)  
193.220.80.192;/27;UNDP-SITE121 (UNIA)  
193.220.80.224;/27;UNDP-SITE122 (UNIA)  
193.220.81.0;/28;UNDP-SITE132   
193.220.81.16;/28;UNDP-SITE133   
193.220.81.32;/27;UNDP-SITE123 (UNIA)  
193.220.81.64;/27;UNDP-SITE101 (UNIA)  
193.220.81.96;/27;UNDP-SITE73 (UNIA)  
193.220.81.224;/28;UNDP-SITE14   
193.220.82.0;/27;UNDP-SITE119 (UNIA)  
193.220.82.32;/28;UNDP-SITE134   
193.220.82.48;/28;UNDP-SITE135   
193.220.82.64;/28;UNDP-SITE136   
193.220.82.80;/28;UNDP-SITE18   
193.220.82.128;/25;UNDP-SITE02   
193.220.87.224;/27;UNIA-SITE00 (UNIA)  
193.220.90.0;/29;FAO-SITE029 - customer LAN
193.220.90.8;/29;FAO-SITE032 - customer LAN
193.220.90.16;/29;FAO-SITE033 - customer LAN
193.220.90.24;/29;FAO-SITE034 - customer LAN
193.220.90.32;/29;FAO-SITE035 - customer LAN
193.220.90.40;/29;FAO-SITE036 - customer LAN
193.220.90.48;/32;SBM-SITE03 - Cayenne public
193.220.90.49;/32;SBM-SITE04 - Cayenne public
193.220.90.50;/32;SBM-SITE05 - Cayenne public
193.220.90.51;/32;SBM-SITE06 - Cayenne public
193.220.90.52;/32;SBM-SITE07 - Cayenne public
193.220.90.53;/32;SBM-SITE08 - Cayenne public
193.220.90.54;/32;SBM-SITE09 - Cayenne public
193.220.90.55;/32;SBM-SITE10 - Cayenne public
193.220.90.56;/32;SBM-SITE11 - Cayenne public
193.220.96.0;/29;WFP-SITE134 (vlan: 136 -
193.220.96.8;/29;WFP-SITE001 - customer LAN
193.220.96.16;/29;WFP-SITE002 - customer LAN
193.220.96.24;/29;WFP-SITE003 - customer LAN
193.220.96.32;/29;WFP-SITE004 - customer LAN
193.220.96.40;/29;WFP-SITE005 - customer LAN
193.220.96.48;/29;WFP-SITE006 - customer LAN
193.220.96.56;/29;WFP-SITE007 - customer LAN
193.220.96.64;/29;WFP-SITE008 - customer LAN
193.220.96.72;/29;WFP-SITE009 - customer LAN
193.220.96.80;/29;WFP-SITE010 - customer LAN
193.220.96.88;/29;WFP-SITE011 - customer LAN
193.220.96.96;/29;WFP-SITE012 - customer LAN
193.220.96.104;/29;WFP-SITE013 - customer LAN
193.220.96.112;/29;WFP-SITE014 - customer LAN
193.220.96.120;/29;WFP-SITE016 - customer LAN
193.220.96.128;/29;WFP-SITE017 - customer LAN
193.220.96.136;/29;WFP-SITE018 - customer LAN
193.220.96.144;/29;WFP-SITE019 - customer LAN
193.220.96.152;/29;WFP-SITE020 - customer LAN
193.220.96.160;/29;WFP-SITE021 - customer LAN
193.220.96.168;/29;WFP-SITE022 - customer LAN
193.220.96.176;/29;WFP-SITE023 - customer LAN
193.220.96.184;/29;WFP-SITE024 - customer LAN
193.220.96.192;/29;WFP-SITE025 - customer LAN
193.220.96.200;/29;WFP-SITE026 - customer LAN
193.220.96.208;/29;WFP-SITE027 - customer LAN
193.220.96.216;/29;WFP-SITE028 - customer LAN
193.220.96.224;/29;WFP-SITE029 - customer LAN
193.220.96.232;/29;WFP-SITE030 - customer LAN
193.220.96.240;/29;WFP-SITE031 - customer LAN
193.220.96.248;/29;WFP-SITE032 - customer LAN
193.220.97.0;/29;WFP-SITE033 - customer LAN
193.220.97.8;/29;WFP-SITE034 - customer LAN
193.220.97.24;/29;WFP-SITE036 - customer LAN
193.220.97.32;/29;WFP-SITE037 - customer LAN
193.220.97.40;/29;WFP-SITE038 - customer LAN
193.220.97.48;/29;WFP-SITE039 - customer LAN
193.220.97.56;/29;WFP-SITE040 - customer LAN
193.220.97.64;/29;WFP-SITE041 - customer LAN
193.220.97.72;/29;WFP-SITE042 - customer LAN
193.220.97.80;/29;WFP-SITE043 - customer LAN
193.220.97.88;/29;WFP-SITE044 - customer LAN
193.220.97.96;/29;WFP-SITE045 - customer LAN
193.220.97.104;/29;WFP-SITE046 - customer LAN
193.220.97.112;/29;WFP-SITE047 - customer LAN
193.220.97.120;/29;WFP-SITE048 - customer LAN
193.220.97.128;/29;WFP-SITE049 - customer LAN
193.220.97.136;/29;WFP-SITE050 - customer LAN
193.220.97.144;/29;WFP-SITE051 - customer LAN
193.220.97.152;/29;WFP-SITE052 - customer LAN
193.220.97.160;/29;WFP-SITE053 - customer LAN
193.220.97.168;/29;WFP-SITE054 - customer LAN
193.220.97.176;/29;WFP-SITE055 - customer LAN
193.220.97.184;/29;WFP-SITE056 - customer LAN
193.220.97.192;/29;WFP-SITE057 - customer LAN
193.220.97.200;/29;WFP-SITE058 - customer LAN
193.220.97.208;/29;WFP-SITE059 - customer LAN
193.220.97.216;/29;WFP-SITE061 - customer LAN
193.220.97.224;/29;WFP-SITE062 - customer LAN
193.220.97.232;/29;WFP-SITE063 - customer LAN
193.220.97.240;/29;WFP-SITE064 - customer LAN
193.220.97.248;/29;WFP-SITE065 - customer LAN
193.220.98.0;/29;WFP-SITE066 - customer LAN
193.220.98.8;/29;WFP-SITE067 - customer LAN
193.220.98.16;/29;WFP-SITE068 - customer LAN
193.220.98.24;/29;WFP-SITE069 - customer LAN
193.220.98.32;/29;WFP-SITE070 - customer LAN
193.220.98.40;/29;WFP-SITE071 - customer LAN
193.220.98.48;/29;WFP-SITE072 - customer LAN
193.220.98.56;/29;WFP-SITE073 - customer LAN
193.220.98.64;/29;WFP-SITE074 - customer LAN
193.220.98.72;/29;WFP-SITE075 - customer LAN
193.220.98.80;/29;WFP-SITE076 - customer LAN
193.220.98.88;/29;WFP-SITE077 - customer LAN
193.220.98.96;/29;WFP-SITE078 - customer LAN
193.220.98.104;/29;WFP-SITE079 - customer LAN
193.220.98.112;/29;WFP-SITE080 - customer LAN
193.220.98.120;/29;WFP-SITE081 - customer LAN
193.220.98.128;/29;WFP-SITE082 - customer LAN
193.220.98.136;/29;WFP-SITE083 - customer LAN
193.220.98.144;/29;WFP-SITE085 - customer LAN
193.220.98.152;/29;WFP-SITE086 - customer LAN
193.220.98.160;/29;WFP-SITE087 - customer LAN
193.220.98.168;/29;WFP-SITE088 - customer LAN
193.220.98.176;/29;WFP-SITE090 - customer LAN
193.220.98.184;/29;WFP-SITE092 - customer LAN
193.220.98.192;/29;WFP-SITE093 - customer LAN
193.220.98.200;/29;WFP-SITE094 - customer LAN
193.220.98.208;/29;WFP-SITE095 - customer LAN
193.220.98.216;/29;WFP-SITE096 - customer LAN
193.220.98.224;/29;WFP-SITE097 - customer LAN
193.220.98.232;/29;WFP-SITE098 - customer LAN
193.220.98.240;/29;WFP-SITE099 - customer LAN
193.220.98.248;/29;WFP-SITE100 - customer LAN
193.220.99.0;/29;WFP-SITE101 - customer LAN
193.220.99.8;/29;WFP-SITE102 - customer LAN
193.220.99.16;/29;WFP-SITE103 - customer LAN
193.220.99.24;/29;WFP-SITE104 - customer LAN
193.220.99.32;/29;WFP-SITE105 - customer LAN
193.220.99.40;/29;WFP-SITE106 - customer LAN
193.220.99.48;/29;WFP-SITE107 - customer LAN
193.220.99.56;/29;WFP-SITE108 - customer LAN
193.220.99.64;/29;WFP-SITE109 - customer LAN
193.220.99.72;/29;WFP-SITE110 - customer LAN
193.220.99.80;/29;WFP-SITE111 - customer LAN
193.220.99.88;/29;WFP-SITE113 - customer LAN
193.220.99.96;/29;WFP-SITE114 - customer LAN
193.220.99.104;/29;WFP-SITE115 - customer LAN
193.220.99.112;/29;WFP-SITE116 - customer LAN
193.220.99.120;/29;WFP-SITE117 - customer LAN
193.220.99.128;/29;WFP-SITE118 - customer LAN
193.220.99.144;/29;WFP-SITE120 - customer LAN
193.220.99.152;/29;WFP-SITE127 - customer LAN
193.220.99.160;/29;WFP-SITE128 - customer LAN
193.220.99.168;/29;WFP-SITE129 - customer LAN
193.220.99.176;/29;WFP-SITE130 - customer LAN
193.220.99.184;/29;WFP-SITE131 - customer LAN
193.220.99.192;/29;WFP-SITE132 - customer LAN
193.220.99.200;/29;WFP-SITE133 - customer LAN
193.220.99.208;/29;WFP-SITE135 - customer LAN
193.220.99.216;/29;WFP-SITE136 - customer LAN
193.220.99.224;/29;WFP-SITE137 - customer LAN
193.220.99.232;/29;WFP-SITE138 - customer LAN
193.220.99.240;/29;WFP-SITE139 - customer LAN
193.220.99.248;/29;WFP-SITE140 - customer LAN
193.220.100.0;/29;WFP-SITE141 - customer LAN
193.220.100.8;/29;WFP-SITE142 - customer LAN
193.220.100.16;/29;WFP-SITE143 - customer LAN
193.220.100.24;/29;WFP-SITE144 - customer LAN
193.220.100.40;/29;WFP-SITE146 - customer LAN
193.220.100.48;/29;WFP-SITE147 - customer LAN
193.220.100.56;/29;WFP-SITE148 - customer LAN
193.220.100.64;/29;WFP-SITE149 - customer LAN
193.220.100.72;/29;WFP-SITE150 - customer LAN
193.220.100.80;/29;WFP-SITE151 - customer LAN
193.220.100.88;/29;WFP-SITE152 - customer LAN
193.220.100.96;/29;WFP-SITE153 - customer LAN
193.220.100.104;/29;WFP-SITE154 - customer LAN
193.220.100.112;/29;WFP-SITE155 - customer LAN
193.220.100.120;/29;WFP-SITE156 - customer LAN
193.220.100.128;/29;WFP-SITE157 - customer LAN
193.220.100.136;/29;WFP-SITE158 - customer LAN
193.220.100.144;/29;WFP-SITE159 - customer LAN
193.220.100.152;/29;WFP-SITE160 - customer LAN
193.220.100.160;/29;WFP-SITE161 - customer LAN
193.220.100.168;/29;WFP-SITE162 - customer LAN
193.220.100.176;/29;WFP-SITE163 - customer LAN
193.220.100.184;/29;WFP-SITE164 - customer LAN
193.220.100.192;/29;WFP-SITE165 - customer LAN
193.220.100.200;/29;WFP-SITE166 - customer LAN
193.220.100.208;/29;WFP-SITE167 - customer LAN
193.220.100.216;/29;WFP-SITE168 - customer LAN
193.220.100.224;/29;WFP-SITE169 - customer LAN
193.220.100.232;/29;WFP-SITE170 - customer LAN
193.220.100.240;/29;WFP-SITE171 - customer LAN
193.220.100.248;/29;WFP-SITE172 - customer LAN
193.220.101.0;/29;WFP-SITE173 - customer LAN
193.220.101.8;/29;WFP-SITE174 - customer LAN
193.220.101.16;/29;WFP-SITE175 - customer LAN
193.220.101.24;/29;WFP-SITE176 - customer LAN
193.220.101.32;/29;WFP-SITE177 - customer LAN
193.220.101.40;/29;WFP-SITE178 - customer LAN
193.220.101.48;/29;WFP-SITE179 - customer LAN
193.220.101.56;/29;WFP-SITE180 - customer LAN
193.220.101.64;/29;WFP-SITE181 - customer LAN
193.220.101.72;/29;WFP-SITE182 - customer LAN
193.220.101.80;/29;WFP-SITE183 - customer LAN
193.220.101.88;/29;WFP-SITE184 - customer LAN
193.220.101.96;/29;WFP-SITE185 - customer LAN
193.220.101.104;/29;WFP-SITE186 - customer LAN
193.220.101.112;/29;WFP-SITE187 - customer LAN
193.220.101.120;/29;WFP-SITE188 - customer LAN
193.220.101.128;/29;WFP-SITE189 - customer LAN
193.220.101.136;/29;WFP-SITE191 - customer LAN
193.220.101.144;/29;WFP-SITE192 - customer LAN
193.220.101.152;/29;WFP-SITE193 - customer LAN
193.220.101.168;/29;WFP-SITE195 - customer LAN
193.220.101.208;/29;WFP-SITE200 - customer LAN
193.220.101.248;/29;WFP-SITE205 - customer LAN
193.220.102.8;/29;WFP-SITE207 - customer LAN
193.220.102.16;/29;ETC-SITE208 - customer LAN
193.220.102.24;/29;ETC-SITE209 - customer LAN
193.220.102.32;/29;ETC-SITE210 - customer LAN
193.220.102.40;/29;ETC-SITE211 - customer LAN
193.220.102.48;/29;WFP-SITE212 - customer LAN
193.220.102.56;/29;ETC-SITE213 - customer LAN
193.220.102.64;/29;ETC-SITE214 - customer LAN
193.220.102.72;/29;ETC-SITE215 - customer LAN
193.220.102.80;/29;WFP-SITE216 - customer LAN
193.220.102.88;/29;WFP-SITE217 - customer LAN
193.220.102.96;/29;ETC-SITE218 - customer LAN
193.220.102.104;/29;ETC-SITE219 - customer LAN
193.220.102.112;/29;ETC-SITE220 - customer LAN
193.220.102.120;/29;WFP-SITE221 - customer LAN
193.220.102.128;/29;WFP-SITE222 - customer LAN
193.220.102.136;/29;WFP-SITE223 - customer LAN
193.220.102.144;/29;WFP-SITE224 - customer LAN
193.220.102.160;/29;WFP-SITE227 - customer LAN
193.220.102.168;/29;WFP-SITE228 - customer LAN
193.220.102.176;/29;WFP-SITE229 - customer LAN
193.220.102.184;/29;WFP-SITE230 - customer LAN
193.220.102.192;/29;WFP-SITE231 - customer LAN
193.220.102.200;/29;WFP-SITE232 - customer LAN
193.220.102.208;/29;WFP-SITE233 - customer LAN
193.220.102.216;/29;WFP-SITE234 - customer LAN
193.220.102.224;/29;WFP-SITE235 - customer LAN
193.220.102.232;/29;WFP-SITE236 - customer LAN
193.220.102.240;/29;WFP-SITE237 - customer LAN
193.220.102.248;/29;WFP-SITE238 - customer LAN
193.220.103.0;/29;WFP-SITE239 - customer LAN
193.220.103.8;/29;WFP-SITE240 - customer LAN
193.220.103.16;/29;WFP-SITE241 - customer LAN
193.220.103.24;/29;WFP-SITE242 - customer LAN
193.220.103.32;/29;WFP-SITE243 - customer LAN
193.220.103.40;/29;WFP-SITE244 - customer LAN
193.220.103.48;/29;WFP-SITE245 - customer LAN
193.220.103.56;/29;WFP-SITE246 - customer LAN
193.220.103.64;/29;WFP-SITE247 - customer LAN
193.220.103.72;/29;WFP-SITE248 - customer LAN
193.220.103.80;/29;WFP-SITE249 - customer LAN
193.220.103.88;/29;WFP-SITE250 - customer LAN
193.220.103.96;/29;WFP-SITE251 - customer LAN
193.220.103.112;/29;WFP-SITE253 - customer LAN
193.220.103.120;/29;WFP-SITE254 - customer LAN
193.220.103.136;/29;WFP-SITE256 - customer LAN
193.220.103.144;/29;WFP-SITE257 - customer LAN
193.220.103.152;/29;WFP-SITE258 - customer LAN
193.220.103.160;/29;WFP-SITE259 - customer LAN
193.220.103.168;/29;WFP-SITE260 - customer LAN
193.220.103.184;/29;WFP-SITE262 - customer LAN
193.220.103.192;/29;WFP-SITE263 - customer LAN
193.220.103.200;/29;WFP-SITE264 - customer LAN
193.220.103.216;/29;WFP-SITE266 - customer LAN
193.220.103.224;/29;WFP-SITE267 - customer LAN
193.220.103.232;/29;WFP-SITE268 - customer LAN
193.220.103.240;/29;WFP-SITE269 - customer LAN
193.220.104.0;/29;WFP-SITE271 - customer LAN
193.220.104.16;/29;WFP-SITE273 - customer LAN
193.220.104.24;/29;WFP-SITE274 - customer LAN
193.220.104.40;/29;WFP-SITE276 - customer LAN
193.220.104.48;/29;WFP-SITE277 - customer LAN
193.220.104.56;/29;WFP-SITE278 - customer LAN
193.220.104.64;/29;WFP-SITE279 - customer LAN
193.220.104.72;/29;WFP-SITE280 - customer LAN
193.220.104.80;/29;WFP-SITE281 - customer LAN
193.220.104.88;/29;WFP-SITE282 - customer LAN
193.220.104.96;/29;WFP-SITE283 - customer LAN
193.220.104.104;/29;WFP-SITE284 - customer LAN
193.220.104.112;/29;WFP-SITE285 - customer LAN
193.220.104.120;/29;WFP-SITE286 - customer LAN
193.220.104.128;/29;WFP-SITE287 - customer LAN
193.220.104.136;/29;WFP-SITE288 - customer LAN
193.220.104.144;/29;WFP-SITE289 - customer LAN
193.220.104.152;/29;WFP-SITE290 - customer LAN
193.220.104.160;/29;WFP-SITE291 - customer LAN
193.220.104.168;/29;WFP-SITE292 - customer LAN
193.220.104.176;/29;WFP-SITE293 - customer LAN
193.220.104.184;/29;WFP-SITE294 - customer LAN
193.220.104.192;/29;WFP-SITE295 - customer LAN
193.220.104.200;/29;WFP-SITE296 - customer LAN
193.220.104.208;/29;WFP-SITE297 - customer LAN
193.220.104.216;/29;WFP-SITE298 - customer LAN
193.220.104.224;/29;WFP-SITE299 - customer LAN
193.220.104.232;/29;WFP-SITE300 - customer LAN
193.220.104.240;/29;WFP-SITE301 - customer LAN
193.220.104.248;/29;WFP-SITE302 - customer LAN
193.220.105.0;/29;WFP-SITE303 - customer LAN
193.220.105.8;/29;WFP-SITE304 - customer LAN
193.220.105.16;/29;WFP-SITE305 - customer LAN
193.220.105.24;/29;WFP-SITE306 - customer LAN
193.220.105.32;/29;WFP-SITE307 - customer LAN
193.220.105.40;/29;WFP-SITE308 - customer LAN
193.220.105.48;/29;WFP-SITE309 - customer LAN
193.220.105.56;/29;WFP-SITE310 - customer LAN
193.220.105.64;/29;WFP-SITE311 - customer LAN
193.220.105.72;/29;WFP-SITE312 - customer LAN
193.220.105.80;/29;WFP-SITE313 - customer LAN
193.220.105.88;/29;WFP-SITE314 - customer LAN
193.220.105.96;/29;WFP-SITE315 - customer LAN
193.220.105.104;/29;WFP-SITE316 - customer LAN
193.220.105.112;/29;WFP-SITE317 - customer LAN
193.220.105.120;/29;WFP-SITE318 - customer LAN
193.220.105.128;/29;WFP-SITE319 - customer LAN
193.220.105.144;/29;WFP-SITE321 - customer LAN
193.220.105.152;/29;WFP-SITE322 - customer LAN
193.220.105.160;/29;WFP-SITE323 - customer LAN
193.220.105.168;/29;WFP-SITE324 - customer LAN
193.220.105.176;/29;WFP-SITE325 - customer LAN
193.220.105.184;/29;WFP-SITE326 - customer LAN
193.220.105.192;/29;WFP-SITE327 - customer LAN
193.220.105.200;/29;WFP-SITE328 - customer LAN
193.220.105.208;/29;WFP-SITE329 - customer LAN
193.220.105.216;/29;WFP-SITE330 - customer LAN
193.220.105.224;/29;WFP-SITE331 - customer LAN
193.220.105.232;/29;WFP-SITE332 - customer LAN
193.220.105.240;/29;WFP-SITE333 - customer LAN
193.220.105.248;/29;WFP-SITE334 - customer LAN
193.220.106.0;/29;WFP-SITE335 - customer LAN
193.220.106.8;/29;ETC-SITE336 - customer LAN
193.220.106.16;/29;WFP-SITE337 - customer LAN
193.220.106.24;/29;WFP-SITE338 - customer LAN
193.220.106.32;/29;WFP-SITE339 - customer LAN
193.220.106.40;/29;WFP-SITE340 - customer LAN
193.220.106.48;/29;WFP-SITE342 - customer LAN
193.220.106.56;/29;WFP-SITE343 - customer LAN
193.220.106.64;/29;WFP-SITE344 - customer LAN
193.220.106.72;/29;WFP-SITE345 - customer LAN
193.220.106.80;/29;WFP-SITE346 - customer LAN
193.220.106.88;/29;WFP-SITE347 - customer LAN
193.220.106.96;/29;WFP-SITE348 - customer LAN
193.220.106.104;/29;WFP-SITE349 - customer LAN
193.220.106.112;/29;WFP-SITE350 - customer LAN
193.220.106.120;/29;WFP-SITE341 - customer LAN
193.220.106.128;/29;WFP-SITE353 - customer LAN
193.220.106.136;/29;WFP-SITE351 - customer LAN
193.220.106.144;/29;WFP-SITE352 - customer LAN
193.220.106.152;/29;WFP-SITE354 - customer LAN
193.220.106.160;/29;WFP-SITE355 - customer LAN
193.220.106.168;/29;WFP-SITE356 - customer LAN
193.220.106.176;/29;WFP-SITE357 - customer LAN
193.220.106.184;/29;WFP-SITE358 - customer LAN
193.220.106.192;/29;WFP-SITE359 - customer LAN
193.220.106.200;/29;WFP-SITE360 - customer LAN
193.220.106.208;/29;WFP-SITE361 - customer LAN
193.220.106.216;/29;WFP-SITE362 - customer LAN
193.220.106.224;/29;WFP-SITE363 - customer LAN
193.220.106.232;/29;WFP-SITE364 - customer LAN
193.220.106.240;/29;WFP-SITE365 - customer LAN
193.220.106.248;/29;ETC-SITE366 - customer LAN
193.220.107.0;/29;WFP-SITE367 - customer LAN
193.220.107.8;/29;WFP-SITE368 - customer LAN
193.220.107.16;/29;WFP-SITE369 - customer LAN
193.220.107.24;/29;WFP-SITE370 - customer LAN
193.220.107.32;/29;WFP-SITE371 - customer LAN
193.220.107.40;/29;WFP-SITE372 - customer LAN
193.220.107.48;/29;WFP-SITE373 - customer LAN
193.220.107.56;/29;WFP-SITE374 - customer LAN
193.220.107.64;/29;WFP-SITE375 - customer LAN
193.220.107.72;/29;WFP-SITE376 - customer LAN
193.220.107.80;/29;WFP-SITE377 - customer LAN
193.220.107.88;/29;WFP-SITE378 - customer LAN
193.220.107.96;/29;WFP-SITE379 - customer LAN
193.220.107.104;/29;WFP-SITE380 - customer LAN
193.220.107.112;/29;WFP-SITE381 - customer LAN
193.220.107.120;/29;WFP-SITE382 - customer LAN
193.220.107.128;/29;WFP-SITE383 - customer LAN
193.220.108.0;/29;FAO-SITE001 - customer LAN
193.220.108.8;/29;FAO-SITE002 - customer LAN
193.220.108.16;/29;FAO-SITE003 - customer LAN
193.220.108.24;/29;FAO-SITE004 - customer LAN
193.220.108.32;/29;FAO-SITE005 - customer LAN
193.220.108.40;/29;FAO-SITE006 - customer LAN
193.220.108.48;/29;FAO-SITE007 - customer LAN
193.220.108.64;/29;FAO-SITE010 - customer LAN
193.220.108.72;/29;FAO-SITE012 - customer LAN
193.220.108.80;/29;FAO-SITE013 - customer LAN
193.220.108.88;/29;FAO-SITE014 - customer LAN
193.220.108.96;/29;FAO-SITE016 - customer LAN
193.220.108.104;/29;FAO-SITE017 - customer LAN
193.220.108.112;/29;FAO-SITE018 - customer LAN
193.220.108.120;/29;FAO-SITE019 - customer LAN
193.220.108.128;/29;FAO-SITE021 - customer LAN
193.220.108.136;/29;FAO-SITE023 - customer LAN
193.220.108.144;/29;FAO-SITE024 - customer LAN
193.220.108.160;/29;FAO-SITE027 - customer LAN
193.220.108.168;/29;FAO-SITE028 - customer LAN
193.220.108.184;/29;FAO-SITE030 - customer LAN
193.220.108.192;/29;FAO-SITE031 - customer LAN
193.220.108.240;/29;FAO-SITE037 - customer LAN
193.220.108.248;/29;FAO-SITE038 - customer LAN
193.220.109.0;/29;FAO-SITE039 - customer LAN
193.220.109.8;/29;FAO-SITE040 - customer LAN
193.220.109.16;/29;FAO-SITE044 - customer LAN
193.220.109.24;/29;FAO-SITE045 - customer LAN
193.220.109.32;/29;FAO-SITE057 - customer LAN
193.220.109.40;/29;FAO-SITE092 - customer LAN
193.220.109.48;/29;FAO-SITE151 - customer LAN
193.220.109.64;/29;FAO-SITE253 - customer LAN
193.220.109.72;/29;FAO-SITE263 - customer LAN
193.220.109.80;/29;FAO-SITE267 - customer LAN
193.220.109.88;/29;FAO-SITE046 - customer LAN
193.220.123.96;/29;OCHA-SITE04   
193.220.123.104;/29;OCHA-SITE11   
193.220.123.112;/29;OCHA-SITE12   
193.220.123.128;/29;ECHO-SITE01-VOIP   
193.220.123.192;/29;OCHA-SITE01   
193.220.123.200;/29;OCHA-SITE03   
193.220.123.208;/29;OCHA-SITE05   
193.220.123.216;/29;OCHA-SITE06   
193.220.123.232;/29;OCHA-SITE251 (child of WFP-SITE251)
193.220.126.0;/29;OCHA-SITE13 (via UNDP-SITE60) 
193.220.126.8;/29;OCHA-SITE14 (via ADAB-SITE01) 
193.220.126.16;/29;OCHA-SITE15   
193.220.126.24;/29;OCHA-SITE16   
193.220.126.32;/29;OCHA-SITE18   
193.220.126.40;/29;OCHA-SITE20   
193.220.126.48;/29;OCHA-SITE29   
193.220.126.56;/29;OCHA-SITE22   
193.220.126.64;/29;OCHA-SITE23   
193.220.126.72;/29;OCHA-SITE24   
193.220.126.80;/29;OCHA-SITE31   
193.220.126.88;/29;OCHA-SITE32   
193.220.126.96;/29;OCHA-SITE25   
193.220.126.104;/29;OCHA-SITE26   
193.220.126.112;/29;OCHA-SITE27   
193.220.126.120;/29;OCHA-SITE28   
193.220.126.128;/29;OCHA-SITE30 (via UNDP-SITE14) 
193.220.126.136;/29;VoIP - OCHA-SITE02 
193.220.126.144;/29;VoIP - OCHA-SITE03 
193.220.126.152;/29;VoIP - OCHA-SITE05 
193.220.126.160;/29;VoIP - OCHA-SITE13 
193.220.126.168;/29;VoIP - OCHA-SITE15 
193.220.126.176;/29;VoIP - OCHA-SITE16 
193.220.126.184;/29;VoIP - OCHA-SITE18 
193.220.126.192;/29;OCHA-SITE33   
193.220.126.200;/29;OCHA-SITE34   
193.220.126.208;/29;OCHA-SITE42   
193.220.126.216;/29;OCHA-SITE37   
193.220.126.224;/29;OCHA-SITE38   
193.220.126.232;/29;OCHA-SITE39   
193.220.126.240;/29;OCHA-SITE41   
193.220.126.248;/29;OCHA-SITE43   
193.220.127.0;/29;OCHA-SITE47   
193.220.127.8;/29;OCHA-SITE48   
193.220.127.16;/29;OCHA-SITE46   
193.220.127.24;/29;OCHA-SITE49   
193.220.127.32;/29;OCHA-SITE50   
193.220.127.40;/29;OCHA-SITE51   
193.220.127.48;/29;OCHA-SITE52   
193.220.127.56;/29;OCHA-SITE53   
193.220.127.64;/29;OCHA-SITE54   
193.220.127.72;/29;OCHA-SITE63   
193.220.127.80;/29;OCHA-SITE64   
193.220.144.0;/27;UNDP-SITE100 (UNIA)  
193.220.144.32;/29;UNFPA-SITE82   
193.220.144.40;/29;UNFPA-SITE83   
193.220.144.48;/29;UNFPA-SITE84   
193.220.144.56;/29;UNFPA-SITE85   
193.220.144.64;/27;UNDP-SITE105 (UNIA)  
193.220.144.96;/27;UNDP-SITE58 (UNIA)  
193.220.144.128;/27;UNDP-SITE59 (UNIA)  
193.220.144.160;/27;UNDP-SITE76 (UNIA)  
193.220.144.192;/27;UNDP-SITE77 (UNIA)  
193.220.144.224;/27;UNDP-SITE78 (UNIA)  
193.220.145.0;/27;UNDP-SITE84 (UNIA)  
193.220.145.32;/27;UNDP-SITE85 (UNIA)  
193.220.145.64;/29;UNFPA-SITE86   
193.220.145.72;/29;UNFPA-SITE87   
193.220.145.80;/29;UNFPA-SITE88   
193.220.145.88;/29;UNFPA-SITE89   
193.220.145.96;/27;UNDP-SITE87 (UNIA)  
193.220.145.128;/27;UNDP-SITE90 (UNIA)  
193.220.145.160;/27;UNDP-SITE94 (UNIA)  
193.220.145.208;/29;UNFPA-SITE90   
193.220.145.224;/27;UNDP-SITE98 (UNIA)  
193.220.146.32;/27;UNDP-SITE60 (UNIA)  
193.220.146.96;/27;UNDP-SITE00-TEST-BRA   
193.220.146.128;/27;UNDP-SITE63 (UNIA)  
193.220.146.160;/27;UNDP-SITE126 (UNIA)  
193.220.146.192;/27;UNDP-SITE67 (UNIA)  
193.220.146.224;/27;UNDP-SITE70 (UNIA)  
193.220.147.32;/27;UNDP-SITE72 (UNIA)  
193.220.147.64;/27;UNDP-SITE80 (UNIA)  
193.220.147.96;/27;UNDP-SITE83 (UNIA)  
193.220.147.128;/27;UNDP-SITE124 (UNIA)  
193.220.147.160;/27;UNDP-SITE104 (UNIA)  
193.220.147.192;/27;UNDP-SITE74 (UNIA)  
193.220.147.224;/29;UNFPA-SITE72   
193.220.147.232;/29;UNFPA-SITE60   
193.220.147.240;/29;UNFPA-SITE01   
193.220.147.248;/29;UNFPA-SITE14   
193.220.148.32;/27;UNDP-SITE92 (UNIA)  
193.220.148.64;/27;UNDP-SITE66 (UNIA)  
193.220.148.128;/27;UNDP-SITE114 (UNIA)  
193.220.148.160;/27;UNDP-SITE115 (UNIA)  
193.220.148.192;/27;UNDP-SITE116 (UNIA)  
193.220.148.224;/27;UNDP-SITE117 (UNIA)  
193.220.149.0;/27;UNDP-SITE118 (UNIA)  
193.220.149.32;/27;UNDP-SITE113 (UNIA)  
193.220.155.0;/28;UNDP-SITE53   
193.220.155.32;/28;UNDP-SITE15   
193.220.155.48;/28;UNDP-SITE109   
193.220.155.64;/28;UNDP-SITE09   
193.220.155.80;/28;UNDP-SITE111   
193.220.156.64;/28;UNDP-SITE36   
193.220.156.96;/28;UNDSS-SITE01   
193.220.156.128;/28;UNDP-SITE61   
193.220.156.208;/28;UNDP-SITE110   
193.220.157.0;/27;UNDP-SITE03   
193.220.157.64;/26;UNDP-SITE13   
193.220.157.128;/28;UNDP-SITE22   
193.220.157.208;/28;UNDP-SITE09   
193.220.157.248;/29;UNAIDS-SITE01   
10.58.1.0;/24;NBM-SITE01   
10.58.2.0;/24;NBM-SITE10   
10.58.4.0;/24;NBM-SITE03   
10.58.6.0;/24;NBM-SITE05   
10.8.10.0;/24;UNRWA-SITE01 HQA, Vipersat 
10.8.20.0;/24;UNRWA-SITE02 GFO, Vipersat 
10.8.30.0;/24;UNRWA-SITE03 LFO, Vipersat 
10.8.40.0;/24;UNRWA-SITE04 SFO, Vipersat 
10.8.60.0;/24;UNRWA-SITE06 WBFO, Vipersat 
77.70.159.88;/29;TEST   
77.70.159.96;/29;TEST   
77.70.159.128;/29;TEST   
77.70.159.136;/29;TEST   
77.70.159.144;/29;TEST   
77.70.159.152;/29;LAB-ASG-NGCPE-SITE01, NGCPE lab, NG-SITE01
77.70.159.160;/29;LAB-ASG-RSITE1, Skywan lab, A-SITE01
77.70.159.168;/29;LAB-ASG-RSITE2, Skywan lab, B-SITE01
77.70.159.176;/29;LAB-ASG-RSITE3, Skywan lab, B-SITE02
10.1.3.0;/24;BHGE-SITE03 Customer LAN NATed
10.1.4.0;/24;BHGE-SITE04 Customer LAN NATed
10.189.4.80;/28;Petrochad (PML) - PML-SITE01
10.189.4.112;/28;Petrochad (PML) - PML-SITE04
10.232.12.0;/24;HEI-SITE25 Sona Kaduna 
10.232.14.0;/24;HEI-SITE24 Champion  
10.232.16.0;/24;HEI-SITE27 Makurdi  
10.232.18.0;/24;HEI-SITE26 Life  
10.252.0.0;/27;NODEF-SITE02 - VoIP LAN
10.252.0.32;/29;TAAF-SITE01 - VoIP LAN
172.20.75.0;/25;ECHO-SITE01 - Customer LAN
172.20.255.0;/30;BHGE-SITE02, primary  
172.20.255.4;/30;BHGE-SITE02, secondary  
172.30.8.0;/27;WFY-SITE02 MGT  
172.30.8.64;/27;WFY-SITE01 MGT  
172.30.8.96;/27;WFY-SITE03 MGT  
172.30.9.16;/28;SFO-SITE01-MGT   
172.30.9.32;/28;SFO-SITE02-MGT   
172.30.14.0;/29;VOL-SITE02-KIAKA MGT  
172.30.14.8;/29;VOL-SITE01-OUAGADOUGOU MGT  
